{"cameraMode":{"drawMode":0,"name":"Shaded","section":"Shading Mode"},"sceneLighting":true,"audioPlay":false,"sceneViewState":{"showFog":true,"showMaterialUpdate":false,"showSkybox":true,"showFlares":true,"showImageEffects":true,"showParticleSystems":true},"in2DMode":false,"pivot":{"x":-3.631829261779785,"y":0.7520451545715332,"z":2.983920097351074},"rotation":{"x":0.22550639510154725,"y":-0.08318373560905457,"z":0.01933293044567108,"w":0.9705033302307129},"size":7.626063823699951,"orthographic":false}