{"cameraMode":{"drawMode":0,"name":"Shaded","section":"Shading Mode"},"sceneLighting":true,"audioPlay":false,"sceneViewState":{"showFog":false,"showMaterialUpdate":false,"showSkybox":false,"showFlares":false,"showImageEffects":false,"showParticleSystems":false},"in2DMode":false,"pivot":{"x":269.42828369140627,"y":-137.01376342773438,"z":198.885986328125},"rotation":{"x":0.1839277595281601,"y":0.439624547958374,"z":-0.0924208015203476,"w":0.8743618726730347},"size":192.46636962890626,"orthographic":false}