{"cameraMode":{"drawMode":0,"name":"Shaded","section":"Shading Mode"},"sceneLighting":true,"audioPlay":false,"sceneViewState":{"showFog":true,"showMaterialUpdate":false,"showSkybox":true,"showFlares":true,"showImageEffects":true,"showParticleSystems":true},"in2DMode":false,"pivot":{"x":6.935853958129883,"y":-25.396085739135743,"z":40.946475982666019},"rotation":{"x":0.24956929683685304,"y":0.023233091458678247,"z":-0.005989675410091877,"w":0.9680598974227905},"size":33.21951675415039,"orthographic":false}