{"cameraMode":{"drawMode":0,"name":"Shaded","section":"Shading Mode"},"sceneLighting":true,"audioPlay":false,"sceneViewState":{"showFog":false,"showMaterialUpdate":false,"showSkybox":false,"showFlares":false,"showImageEffects":false,"showParticleSystems":false},"in2DMode":false,"pivot":{"x":-0.4074569642543793,"y":0.1221303939819336,"z":-0.2208261489868164},"rotation":{"x":0.006075161974877119,"y":0.9176865816116333,"z":-0.39701196551322939,"w":0.014042588882148266},"size":4.507394790649414,"orthographic":false}